{
  "empData": [
    {
      "id": "7aa0",
      "username": "Pritesh",
      "empId": "1271614",
      "department": "FSADM",
      "mobileNumber": "7789102305",
      "email": "pritesh@infosys.com"
    },
    {
      "id": "c066",
      "username": "Admin",
      "empId": "1271519",
      "department": "FSADM",
      "mobileNumber": "1234567876",
      "email": "admin12@infosys.com"
    },
    {
      "id": "afa0",
      "username": "Aditya",
      "empId": "456789",
      "department": "ETA",
      "mobileNumber": "1234565432",
      "email": "adi5@infosys.com"
    },
    {
      "id": "4b48",
      "username": "David",
      "empId": "34521",
      "department": "AWS",
      "mobileNumber": "7786543131",
      "email": "david@infosys.com"
    },
    {
      "id": "c58a",
      "username": "Jay",
      "empId": "567891",
      "department": "FSADM",
      "mobileNumber": "0987652341",
      "email": "jay12@infosys.com"
    },
    {
      "id": "aabf",
      "username": "Manik",
      "empId": "123459",
      "department": "FSADM",
      "mobileNumber": "7798124509",
      "email": "manik@infosys.com"
    }
  ]
}